Player Name,Difficulty,Solving Time,Error Count,Date
Đỗ Thị H,Khó,955.95,2,2024-02-16 04:39:41
Ngô Thị K,Dễ,96.77,2,2024-04-08 05:21:49
Phạm Thị D,Chuyên gia,1099.51,0,2024-04-05 00:22:21
Dương Văn L,Trung bình,576.43,4,2024-09-10 09:22:47
Lý Thị M,Khó,835.94,7,2024-02-29 13:27:46
Nguyễn Văn A,Trung bình,516.21,3,2024-03-19 21:54:45
Trịnh Văn P,Dễ,142.29,5,2024-06-20 07:12:29
Đặng Thị F,Trung bình,244.14,3,2024-09-21 05:17:31
Dương Văn L,Trung bình,279.80,10,2024-05-08 02:49:00
Hoàng Văn E,Chuyên gia,800.91,5,2024-09-02 12:43:47
Hồ Văn I,Chuyên gia,668.82,17,2024-10-08 09:58:39
Đặng Thị O,Khó,333.55,6,2024-10-24 20:31:08
Hồ Văn I,Dễ,121.35,2,2024-07-07 15:22:38
Trần Thị B,Trung bình,399.86,2,2024-10-28 19:08:18
Ngô Thị K,Trung bình,262.27,2,2024-09-26 15:26:23
Đặng Thị O,Chuyên gia,1711.05,7,2023-12-21 03:39:13
Bùi Văn G,Chuyên gia,800.62,17,2024-11-01 10:05:27
Đặng Thị F,Trung bình,480.13,3,2024-10-04 10:59:45
Trịnh Văn P,Trung bình,504.43,5,2024-09-14 11:36:02
Đặng Thị F,Trung bình,245.19,8,2024-08-16 16:47:07
Ngô Thị K,Khó,976.21,13,2024-10-29 14:48:16
Trịnh Văn P,Dễ,181.57,2,2024-05-09 14:03:30
Vũ Văn N,Khó,461.90,14,2024-01-26 14:57:57
Nguyễn Văn A,Trung bình,589.37,5,2024-11-17 08:17:38
Lê Văn C,Dễ,132.67,0,2023-12-22 03:23:38
Hoàng Văn E,Dễ,140.34,0,2024-08-23 19:18:04
Nguyễn Văn A,Dễ,85.10,5,2024-11-30 17:24:43
Đặng Thị F,Chuyên gia,1436.90,19,2024-07-27 10:13:12
Hồ Văn I,Dễ,142.99,0,2024-10-25 13:00:29
Đặng Thị F,Dễ,285.60,5,2024-07-07 15:18:27
Vũ Văn N,Khó,454.71,6,2024-05-02 00:57:49
Ngô Thị K,Khó,991.87,11,2024-10-28 14:12:22
Đặng Thị F,Trung bình,516.36,3,2024-03-04 04:38:53
Dương Văn L,Trung bình,192.57,2,2024-09-21 03:44:09
Dương Văn L,Chuyên gia,1373.06,19,2024-04-25 00:22:43
Đỗ Thị H,Chuyên gia,1023.68,16,2024-11-06 00:50:03
Đặng Thị F,Trung bình,372.03,6,2024-06-15 17:11:16
Lý Thị M,Chuyên gia,1686.41,14,2024-05-19 13:06:26
Lê Văn C,Chuyên gia,1208.69,14,2024-04-25 08:13:54
Trần Thị B,Chuyên gia,914.69,14,2024-08-11 00:10:29
Bùi Văn G,Dễ,177.42,3,2024-10-10 21:41:07
Đặng Thị O,Trung bình,596.17,7,2024-04-06 10:50:26
Trần Thị B,Dễ,109.33,5,2024-08-23 17:07:35
Đặng Thị F,Dễ,249.31,1,2024-08-09 07:00:20
Đỗ Thị H,Khó,716.77,14,2024-06-30 22:37:50
Phạm Thị D,Trung bình,459.45,7,2024-08-06 05:41:16
Trần Thị B,Chuyên gia,1543.09,10,2024-03-06 09:26:31
Trịnh Văn P,Chuyên gia,930.84,0,2024-04-20 01:03:40
Phạm Thị D,Trung bình,338.20,9,2024-10-04 17:29:22
Nguyễn Văn A,Trung bình,374.89,0,2024-01-20 21:03:29
Dương Văn L,Trung bình,328.29,8,2024-11-12 10:53:04
Đặng Thị F,Khó,755.99,5,2024-12-14 00:11:09
Lý Thị M,Chuyên gia,1731.10,8,2024-03-09 18:11:53
Đặng Thị F,Dễ,287.34,0,2024-03-03 06:02:48
Nguyễn Văn A,Trung bình,347.44,0,2024-04-12 04:57:35
Hồ Văn I,Khó,739.59,8,2024-08-28 20:55:34
Đỗ Thị H,Khó,765.49,15,2024-04-24 22:56:52
Nguyễn Văn A,Trung bình,406.68,8,2024-01-25 22:28:33
Hồ Văn I,Khó,884.44,14,2024-02-03 13:35:54
Đỗ Thị H,Chuyên gia,1065.56,4,2024-05-07 01:13:27
Bùi Văn G,Trung bình,419.60,1,2024-07-16 11:54:54
Hồ Văn I,Chuyên gia,713.56,13,2024-04-06 09:32:19
Vũ Văn N,Chuyên gia,683.11,5,2024-08-06 02:04:07
Trịnh Văn P,Trung bình,208.48,10,2024-03-05 09:30:23
Đỗ Thị H,Khó,980.64,2,2024-02-13 08:23:31
Ngô Thị K,Chuyên gia,1139.93,3,2024-12-17 13:41:29
Đặng Thị F,Khó,342.54,3,2024-01-26 08:49:41
Phạm Thị D,Dễ,98.19,0,2024-10-10 21:56:26
Lý Thị M,Khó,591.90,10,2024-10-14 09:30:41
Vũ Văn N,Khó,784.79,13,2024-08-09 02:47:29
Phạm Thị D,Chuyên gia,1188.61,18,2024-12-08 14:54:05
Vũ Văn N,Khó,936.88,1,2024-08-31 11:16:06
Nguyễn Văn A,Dễ,211.96,0,2024-05-08 23:10:00
Ngô Thị K,Chuyên gia,841.96,2,2024-05-10 04:25:05
Phạm Thị D,Dễ,140.97,0,2024-01-09 02:10:58
Đặng Thị O,Trung bình,193.79,2,2024-09-25 07:05:59
Hồ Văn I,Dễ,142.62,3,2024-05-02 05:05:37
Ngô Thị K,Khó,784.15,6,2024-06-21 06:00:03
Bùi Văn G,Khó,692.37,2,2024-10-29 19:15:52
Đặng Thị O,Dễ,223.45,1,2024-03-05 16:20:44
Đặng Thị F,Chuyên gia,1673.04,0,2024-11-16 07:13:59
Đặng Thị F,Khó,1044.80,8,2024-01-05 16:09:53
Phạm Thị D,Chuyên gia,750.73,0,2024-02-21 14:15:43
Trịnh Văn P,Dễ,101.55,3,2024-05-30 06:14:37
Hoàng Văn E,Khó,704.06,3,2024-08-13 07:03:30
Nguyễn Văn A,Dễ,279.46,4,2024-05-31 21:17:29
Hồ Văn I,Trung bình,511.11,10,2024-03-13 19:52:55
Bùi Văn G,Chuyên gia,1063.92,2,2024-02-05 15:01:07
Đỗ Thị H,Trung bình,185.82,9,2024-05-06 14:42:09
Trần Thị B,Khó,1168.99,2,2024-04-21 03:49:28
Bùi Văn G,Trung bình,544.41,8,2024-10-04 20:43:33
Lê Văn C,Khó,471.06,3,2024-05-17 21:54:36
Phạm Thị D,Chuyên gia,1501.58,1,2024-05-16 12:53:31
Bùi Văn G,Dễ,190.73,3,2024-10-02 06:48:53
Vũ Văn N,Trung bình,252.35,9,2024-01-05 07:16:53
Đỗ Thị H,Chuyên gia,1493.42,15,2024-05-25 13:14:15
Phạm Thị D,Khó,417.00,13,2024-07-21 18:10:25
Trịnh Văn P,Chuyên gia,1693.72,9,2024-09-05 17:30:30
Bùi Văn G,Dễ,170.22,3,2024-11-23 20:12:13
Hoàng Văn E,Trung bình,433.38,10,2024-02-28 07:11:10
Trần Thị B,Trung bình,337.18,3,2024-12-19 07:45:09
Dương Văn L,Khó,812.78,10,2024-11-12 02:32:55
Lý Thị M,Trung bình,215.22,10,2024-12-12 22:39:18
Lê Văn C,Chuyên gia,1350.61,1,2024-11-01 05:30:31
Bùi Văn G,Trung bình,470.68,2,2023-12-30 08:24:14
Đỗ Thị H,Khó,921.99,14,2024-11-11 11:43:00
Trần Thị B,Trung bình,296.43,6,2024-10-26 04:01:30
Lê Văn C,Trung bình,186.94,7,2024-06-21 13:39:22
Bùi Văn G,Dễ,86.16,2,2024-03-25 12:45:21
Đặng Thị O,Trung bình,254.05,7,2024-05-05 15:14:09
Ngô Thị K,Khó,897.64,12,2024-11-17 09:27:33
Đặng Thị O,Dễ,206.81,2,2024-04-25 09:57:18
Đỗ Thị H,Chuyên gia,946.70,15,2024-03-02 10:28:54
Đỗ Thị H,Trung bình,490.27,10,2024-05-24 14:37:55
Nguyễn Văn A,Dễ,172.83,2,2024-11-11 05:19:43
Đỗ Thị H,Trung bình,383.98,1,2024-05-17 11:04:05
Hoàng Văn E,Trung bình,510.47,8,2024-06-22 17:06:39
Trần Thị B,Trung bình,454.86,6,2024-11-02 16:10:28
Hoàng Văn E,Trung bình,300.42,1,2024-02-28 20:56:07
Trần Thị B,Dễ,192.34,1,2024-02-01 02:52:39
Lý Thị M,Khó,783.34,0,2024-08-24 19:40:05
Lê Văn C,Dễ,111.83,3,2024-12-04 00:10:48
Trịnh Văn P,Chuyên gia,973.07,18,2024-09-11 18:04:10
Hoàng Văn E,Dễ,170.73,3,2024-11-30 01:11:30
Nguyễn Văn A,Trung bình,440.18,3,2024-09-19 14:25:46
Đặng Thị O,Trung bình,239.20,8,2024-06-15 05:08:42
Lê Văn C,Khó,478.69,1,2024-01-23 11:38:32
Dương Văn L,Chuyên gia,1798.86,3,2024-06-04 12:11:06
Trịnh Văn P,Khó,1066.96,6,2024-05-27 01:07:11
Đặng Thị F,Khó,1108.50,1,2024-01-14 22:41:15
Trịnh Văn P,Dễ,259.10,4,2024-05-16 13:48:49
Đỗ Thị H,Trung bình,201.17,8,2024-07-16 22:59:42
Ngô Thị K,Dễ,179.07,0,2024-04-01 01:38:00
Trịnh Văn P,Dễ,245.69,2,2024-09-26 09:51:02
Trần Thị B,Trung bình,443.63,3,2024-08-18 01:12:02
Ngô Thị K,Trung bình,462.63,4,2024-12-17 14:55:12
Dương Văn L,Chuyên gia,1153.25,2,2024-09-12 16:04:38
Đặng Thị O,Khó,568.17,14,2024-11-17 01:39:03
Nguyễn Văn A,Trung bình,340.30,2,2024-06-07 20:23:20
Phạm Thị D,Trung bình,325.03,4,2024-08-30 05:06:16
Nguyễn Văn A,Khó,321.37,10,2024-08-05 10:05:20
Lý Thị M,Trung bình,367.14,10,2024-05-04 22:50:28
Hoàng Văn E,Dễ,252.40,2,2023-12-22 18:12:24
Bùi Văn G,Trung bình,278.76,2,2024-01-17 16:21:06
Đặng Thị F,Dễ,227.76,3,2024-06-01 04:01:32
Trịnh Văn P,Khó,1148.15,1,2024-03-03 22:34:44
Đặng Thị F,Khó,822.27,15,2024-03-22 19:13:53
Hồ Văn I,Trung bình,300.89,1,2024-09-01 18:30:01
Hoàng Văn E,Khó,1180.91,2,2024-01-08 23:54:03
Hồ Văn I,Dễ,299.96,5,2024-03-13 03:13:59
Ngô Thị K,Dễ,171.25,3,2024-11-19 09:11:44
Đỗ Thị H,Khó,1003.18,6,2024-03-11 00:19:00
Hoàng Văn E,Khó,719.68,9,2024-01-15 21:12:43
Hồ Văn I,Trung bình,236.84,3,2024-11-12 11:49:52
Hồ Văn I,Trung bình,538.43,5,2024-11-02 04:42:58
Dương Văn L,Dễ,71.61,3,2024-03-30 13:46:35
Trịnh Văn P,Chuyên gia,642.10,12,2024-06-10 23:57:33
Hoàng Văn E,Khó,973.11,1,2024-04-12 00:16:44
Đặng Thị F,Trung bình,477.39,5,2024-01-22 17:04:10
Trần Thị B,Dễ,230.48,1,2024-10-05 01:28:08
Dương Văn L,Trung bình,437.97,8,2024-10-31 20:49:36
Lý Thị M,Dễ,197.45,5,2024-09-29 21:30:39
Lý Thị M,Khó,1164.34,12,2024-11-26 05:34:13
Đặng Thị F,Dễ,143.95,2,2024-12-13 22:29:12
Đặng Thị F,Trung bình,294.51,0,2024-06-28 13:00:12
Dương Văn L,Chuyên gia,1191.21,0,2024-07-29 16:51:58
Đặng Thị F,Trung bình,575.18,0,2024-05-13 03:42:48
Đỗ Thị H,Dễ,70.20,0,2024-07-25 18:09:40
Trần Thị B,Chuyên gia,633.02,9,2023-12-27 22:09:46
Vũ Văn N,Dễ,232.16,3,2024-09-12 19:11:35
Dương Văn L,Dễ,159.35,2,2024-03-27 00:46:46
Hoàng Văn E,Dễ,167.62,4,2024-11-11 02:29:26
Trần Thị B,Chuyên gia,690.46,18,2024-10-10 00:06:36
Lê Văn C,Chuyên gia,1432.78,15,2024-03-09 16:42:12
Bùi Văn G,Khó,959.16,15,2024-11-01 10:52:51
Đỗ Thị H,Trung bình,403.12,7,2024-09-06 05:13:06
Đỗ Thị H,Dễ,245.84,5,2024-10-26 06:52:46
Hồ Văn I,Trung bình,343.44,3,2024-02-23 10:37:31
Hồ Văn I,Chuyên gia,1221.86,0,2024-05-28 10:03:30
Hoàng Văn E,Dễ,241.27,3,2024-08-23 01:52:50
Lý Thị M,Khó,1061.02,3,2024-03-01 23:08:04
Lý Thị M,Trung bình,461.37,6,2024-11-23 22:56:27
Lê Văn C,Dễ,208.87,4,2024-08-24 23:10:14
Dương Văn L,Dễ,161.79,4,2024-05-24 16:58:12
Hoàng Văn E,Khó,585.23,7,2024-10-03 12:34:35
Lê Văn C,Khó,900.21,6,2024-05-06 16:31:38
Đặng Thị F,Trung bình,268.81,0,2024-09-26 00:24:25
Đặng Thị F,Chuyên gia,717.91,20,2024-07-29 22:06:01
Bùi Văn G,Chuyên gia,1239.40,11,2024-08-11 11:17:07
Hồ Văn I,Trung bình,239.39,10,2024-05-15 22:05:21
Vũ Văn N,Chuyên gia,831.19,7,2024-07-08 22:57:13
Nguyễn Văn A,Chuyên gia,1181.55,11,2024-10-29 23:02:45
Vũ Văn N,Chuyên gia,1340.67,11,2024-10-05 14:48:26
Đặng Thị O,Khó,441.63,7,2024-03-26 17:03:02
Dương Văn L,Dễ,171.40,4,2024-04-15 21:01:50
Nguyễn Văn A,Chuyên gia,767.10,12,2023-12-23 14:12:55
Trịnh Văn P,Dễ,132.30,2,2024-09-19 00:56:47
Đặng Thị F,Khó,1183.29,7,2024-01-26 10:37:43
Đỗ Thị H,Dễ,199.20,4,2024-02-20 02:17:09
Đỗ Thị H,Dễ,122.96,4,2024-09-15 15:16:44
Ngô Thị K,Chuyên gia,1451.06,3,2024-10-27 18:00:06
Phạm Thị D,Khó,777.34,12,2024-07-13 11:59:26
Phạm Thị D,Khó,1093.68,1,2024-09-10 13:17:26
Vũ Văn N,Chuyên gia,1340.05,0,2024-04-08 07:06:48
Dương Văn L,Chuyên gia,1485.32,7,2024-09-21 20:53:27
Vũ Văn N,Dễ,233.01,1,2023-12-21 00:14:46
Lý Thị M,Chuyên gia,709.29,5,2024-01-27 09:10:33
Bùi Văn G,Chuyên gia,871.30,17,2024-08-04 22:33:35
Đặng Thị O,Trung bình,560.05,2,2024-11-11 23:24:18
Dương Văn L,Trung bình,354.72,4,2024-03-19 16:47:10
Lê Văn C,Dễ,218.22,0,2023-12-31 23:19:08
Lê Văn C,Khó,725.41,12,2024-10-15 22:14:56
Trịnh Văn P,Chuyên gia,696.46,10,2024-07-20 23:05:28
Ngô Thị K,Trung bình,315.54,7,2024-12-19 11:37:27
Hoàng Văn E,Chuyên gia,1161.36,9,2024-02-07 20:28:38
Đỗ Thị H,Khó,879.58,3,2023-12-27 04:14:48
Trần Thị B,Dễ,178.23,5,2024-10-10 01:57:37
Trần Thị B,Chuyên gia,1483.30,0,2024-09-20 12:19:13
Ngô Thị K,Dễ,102.05,1,2024-09-15 09:23:36
Đỗ Thị H,Chuyên gia,739.94,12,2024-04-21 20:45:47
Trần Thị B,Chuyên gia,672.05,9,2024-04-05 08:36:43
Phạm Thị D,Trung bình,527.48,10,2024-01-23 10:03:53
Dương Văn L,Chuyên gia,780.24,9,2024-09-05 02:55:43
Dương Văn L,Khó,1172.94,3,2024-02-10 00:14:14
Ngô Thị K,Dễ,191.62,2,2024-06-16 06:04:45
Hồ Văn I,Chuyên gia,1271.20,2,2024-07-05 22:15:21
Phạm Thị D,Khó,446.73,8,2024-02-29 18:30:41
Đặng Thị O,Khó,349.85,9,2024-10-01 20:43:28
Hoàng Văn E,Khó,893.52,8,2024-05-17 01:59:37
Trịnh Văn P,Trung bình,573.88,0,2024-11-24 15:05:09
Ngô Thị K,Dễ,228.78,1,2024-10-30 18:47:06
Nguyễn Văn A,Trung bình,526.44,2,2024-03-26 05:22:53
Trịnh Văn P,Khó,805.45,3,2024-02-17 00:52:57
Đỗ Thị H,Chuyên gia,1652.43,4,2024-07-08 08:18:09
Đặng Thị O,Trung bình,201.13,6,2024-01-19 05:31:15
Phạm Thị D,Dễ,285.63,1,2024-01-18 13:37:16
Lý Thị M,Trung bình,396.02,3,2024-09-08 13:23:08
Đặng Thị F,Chuyên gia,1217.59,18,2024-06-09 17:09:37
Trần Thị B,Chuyên gia,1304.27,20,2024-06-30 12:54:48
Lý Thị M,Trung bình,181.18,4,2024-04-27 10:22:11
Phạm Thị D,Dễ,162.27,5,2024-09-04 17:34:01
Ngô Thị K,Dễ,135.17,1,2024-12-04 03:34:36
Trần Thị B,Khó,333.23,4,2024-04-05 17:18:06
Trịnh Văn P,Trung bình,444.97,6,2024-12-01 20:11:45
Lý Thị M,Chuyên gia,1009.74,6,2024-09-05 08:16:18
Hồ Văn I,Trung bình,184.18,10,2024-05-20 11:11:30
Hoàng Văn E,Dễ,220.47,3,2024-08-07 08:53:42
Lý Thị M,Dễ,114.21,5,2024-03-20 04:12:07
Dương Văn L,Dễ,214.72,4,2024-07-10 15:34:19
Trịnh Văn P,Chuyên gia,1340.37,2,2023-12-30 23:37:18
Đặng Thị O,Trung bình,194.97,4,2024-12-08 00:15:19
Phạm Thị D,Chuyên gia,789.73,15,2024-03-26 03:43:24
Ngô Thị K,Trung bình,562.89,8,2024-02-26 04:08:08
Nguyễn Văn A,Khó,674.04,7,2024-05-29 02:04:22
Lý Thị M,Chuyên gia,1084.50,18,2024-11-10 16:29:39
Trần Thị B,Khó,320.05,8,2024-06-07 10:15:07
Phạm Thị D,Chuyên gia,718.41,18,2024-11-02 00:28:01
Lý Thị M,Khó,672.69,0,2024-06-29 23:29:54
Đặng Thị F,Chuyên gia,1142.39,17,2024-10-20 04:07:29
Đặng Thị O,Chuyên gia,1613.40,6,2024-10-15 22:41:41
Hoàng Văn E,Khó,848.94,14,2024-07-11 04:20:09
Trần Thị B,Trung bình,583.84,8,2024-12-02 13:32:30
Hồ Văn I,Dễ,243.92,1,2024-02-26 01:04:40
Trịnh Văn P,Chuyên gia,1332.99,4,2024-08-30 11:24:02
Hoàng Văn E,Chuyên gia,893.43,17,2024-05-05 11:13:47
Lê Văn C,Khó,1128.70,14,2024-12-05 03:28:06
Nguyễn Văn A,Dễ,133.05,0,2024-04-27 11:23:55
Dương Văn L,Trung bình,282.51,1,2024-10-31 02:49:09
Trịnh Văn P,Dễ,261.82,3,2024-07-29 12:24:14
Hồ Văn I,Dễ,270.36,2,2024-09-02 15:59:54
Đặng Thị O,Khó,940.17,12,2024-09-26 03:26:48
Hoàng Văn E,Khó,401.05,13,2024-04-26 11:49:37
Lê Văn C,Trung bình,327.78,1,2024-08-14 05:54:11
Đặng Thị O,Khó,881.08,14,2024-08-21 09:28:55
Vũ Văn N,Chuyên gia,1191.58,2,2024-09-12 09:29:20
Nguyễn Văn A,Chuyên gia,1018.30,15,2024-08-28 19:00:43
Hồ Văn I,Dễ,67.45,1,2024-10-21 06:42:35
Vũ Văn N,Chuyên gia,771.86,0,2024-08-01 13:16:46
Trịnh Văn P,Chuyên gia,741.77,1,2024-01-25 17:59:03
Đặng Thị O,Chuyên gia,1317.96,5,2024-04-17 23:04:55
Đặng Thị O,Chuyên gia,1061.95,10,2024-09-03 19:32:26
Bùi Văn G,Khó,392.15,2,2024-01-18 00:02:38
Lê Văn C,Trung bình,469.73,4,2024-01-24 05:45:55
Ngô Thị K,Chuyên gia,1714.91,0,2024-04-10 06:24:48
Đặng Thị F,Chuyên gia,1713.70,14,2024-02-01 14:45:18
Đỗ Thị H,Dễ,281.41,0,2024-12-04 22:58:39
Lý Thị M,Khó,374.50,10,2024-06-29 00:10:51
Phạm Thị D,Trung bình,482.75,6,2024-10-29 01:02:50
Hoàng Văn E,Trung bình,327.17,0,2024-01-24 15:06:22
Hoàng Văn E,Trung bình,505.09,9,2024-01-15 07:02:24
Đỗ Thị H,Khó,469.14,9,2024-03-30 16:35:17
Hồ Văn I,Dễ,165.48,0,2024-07-15 06:18:56
Hoàng Văn E,Dễ,103.69,5,2024-01-04 14:07:36
Nguyễn Văn A,Chuyên gia,719.83,2,2024-05-07 18:02:03
Hồ Văn I,Chuyên gia,1629.77,13,2024-05-24 08:47:32
Hồ Văn I,Trung bình,230.68,4,2024-09-08 19:08:31
Ngô Thị K,Khó,330.15,1,2024-03-25 22:27:00
Trần Thị B,Khó,422.25,0,2024-08-19 07:25:36
Hồ Văn I,Chuyên gia,1093.35,5,2024-01-20 20:18:50
Dương Văn L,Khó,695.12,4,2024-04-03 12:27:52
Vũ Văn N,Trung bình,415.19,1,2024-01-10 01:17:02
Lê Văn C,Dễ,264.37,5,2024-06-07 12:00:15
Dương Văn L,Dễ,298.30,1,2024-03-11 18:12:11
Đặng Thị O,Chuyên gia,1521.30,1,2024-05-14 21:08:07
Đỗ Thị H,Khó,1111.50,13,2024-06-18 11:36:40
Đặng Thị F,Dễ,229.41,1,2024-04-21 13:10:17
Hoàng Văn E,Khó,943.62,15,2023-12-30 14:52:05
Đỗ Thị H,Chuyên gia,936.25,16,2024-07-24 01:00:33
Đặng Thị F,Dễ,83.30,3,2024-05-01 00:45:04
Đỗ Thị H,Chuyên gia,911.21,2,2024-09-12 06:55:55
Phạm Thị D,Chuyên gia,1478.87,12,2024-02-11 18:18:07
Đỗ Thị H,Chuyên gia,1496.13,8,2024-10-26 03:55:08
Ngô Thị K,Chuyên gia,1630.65,9,2024-02-06 01:22:06
Phạm Thị D,Chuyên gia,825.05,5,2024-04-22 06:21:52
Đỗ Thị H,Khó,560.89,11,2024-02-16 18:40:41
Đặng Thị F,Khó,1040.92,6,2024-08-15 10:24:18
Vũ Văn N,Trung bình,249.71,9,2024-10-27 15:32:02
Đỗ Thị H,Dễ,175.90,5,2024-05-31 19:27:15
Lý Thị M,Trung bình,470.53,5,2024-01-06 02:51:57
Lý Thị M,Dễ,254.49,3,2024-10-14 14:33:35
Đặng Thị O,Trung bình,419.62,6,2024-04-18 11:31:39
Phạm Thị D,Trung bình,291.95,5,2024-12-12 02:23:00
Vũ Văn N,Khó,1060.86,12,2024-07-29 08:49:12
Đặng Thị F,Khó,679.09,14,2024-01-04 20:13:28
Đặng Thị F,Chuyên gia,1202.28,1,2024-04-22 08:50:44
Dương Văn L,Trung bình,325.52,6,2024-06-21 02:28:39
Trịnh Văn P,Dễ,195.82,0,2024-04-10 07:56:34
Dương Văn L,Trung bình,525.81,10,2024-03-03 23:13:37
Dương Văn L,Khó,713.19,1,2024-05-16 10:10:34
Lý Thị M,Khó,864.02,9,2024-11-05 12:34:24
Hồ Văn I,Dễ,262.03,3,2024-02-26 10:15:08
Ngô Thị K,Khó,650.89,5,2024-09-04 15:00:59
Trịnh Văn P,Chuyên gia,1626.86,6,2024-05-31 08:01:27
Bùi Văn G,Khó,707.56,9,2024-10-05 05:18:13
Đỗ Thị H,Khó,779.73,0,2024-08-30 13:23:10
Trần Thị B,Dễ,204.82,3,2024-07-20 17:39:03
Đặng Thị F,Chuyên gia,1405.12,0,2024-02-27 09:40:08
Ngô Thị K,Dễ,258.53,5,2024-11-16 01:30:05
Vũ Văn N,Dễ,240.17,4,2024-08-24 04:49:08
Dương Văn L,Dễ,266.36,4,2024-03-31 17:16:22
Trần Thị B,Khó,655.11,3,2024-12-18 11:09:57
Bùi Văn G,Dễ,73.94,2,2024-09-27 07:00:36
Ngô Thị K,Khó,949.23,8,2024-01-30 22:01:15
Trịnh Văn P,Khó,584.78,12,2024-07-29 18:41:32
Nguyễn Văn A,Khó,1175.08,12,2024-02-27 09:11:53
Lý Thị M,Khó,1194.52,11,2024-04-09 05:54:10
Dương Văn L,Chuyên gia,1786.09,14,2024-07-17 00:40:38
Trịnh Văn P,Dễ,90.60,5,2024-05-18 16:01:52
Đặng Thị F,Chuyên gia,1088.50,17,2024-09-13 16:15:59
Bùi Văn G,Khó,913.90,11,2024-06-26 00:46:45
Hoàng Văn E,Trung bình,457.93,4,2024-10-28 10:30:23
Bùi Văn G,Dễ,267.85,2,2024-08-15 18:04:37
Hoàng Văn E,Trung bình,432.10,10,2024-10-01 15:57:19
Đặng Thị F,Dễ,92.76,4,2024-08-17 04:48:07
Phạm Thị D,Trung bình,415.03,7,2023-12-24 08:40:52
Lý Thị M,Trung bình,209.91,8,2024-07-11 19:25:06
Trịnh Văn P,Trung bình,479.21,9,2024-09-30 13:41:38
Đặng Thị F,Chuyên gia,1054.25,18,2024-03-18 12:45:31
Trịnh Văn P,Trung bình,491.04,1,2024-10-23 04:08:58
Dương Văn L,Chuyên gia,644.41,17,2023-12-24 12:37:50
Trần Thị B,Trung bình,508.15,7,2023-12-30 18:46:57
Hoàng Văn E,Chuyên gia,787.20,8,2024-03-19 19:07:11
Ngô Thị K,Chuyên gia,1290.97,16,2024-03-17 18:34:00
Đỗ Thị H,Khó,686.48,9,2024-08-05 03:39:48
Hoàng Văn E,Dễ,90.39,1,2024-11-29 15:32:13
Phạm Thị D,Khó,890.19,5,2024-11-02 15:16:03
Trịnh Văn P,Khó,597.83,12,2024-04-01 11:39:29
Đặng Thị O,Dễ,266.47,4,2024-10-20 20:49:55
Lê Văn C,Chuyên gia,1708.19,15,2024-11-20 16:44:05
Hoàng Văn E,Chuyên gia,731.27,2,2024-07-21 11:24:46
Trịnh Văn P,Trung bình,299.43,10,2024-04-23 06:45:38
Vũ Văn N,Chuyên gia,1217.39,19,2024-09-18 16:23:10
Trần Thị B,Trung bình,266.87,4,2024-02-01 23:56:11
Hồ Văn I,Trung bình,275.96,3,2024-01-22 08:27:04
Dương Văn L,Khó,972.07,3,2024-07-26 07:50:03
Phạm Thị D,Trung bình,443.07,3,2024-10-10 13:35:36
Dương Văn L,Khó,922.13,13,2024-11-14 16:06:42
Vũ Văn N,Chuyên gia,1072.46,12,2024-07-27 16:47:38
Đặng Thị F,Dễ,77.65,1,2024-05-17 01:44:05
Đặng Thị F,Chuyên gia,1013.89,9,2024-07-30 03:41:02
Ngô Thị K,Trung bình,209.49,8,2024-01-27 21:13:35
Trần Thị B,Dễ,202.09,2,2024-05-21 07:40:54
Bùi Văn G,Trung bình,399.22,1,2024-11-25 17:01:37
Ngô Thị K,Dễ,213.83,0,2024-12-16 22:41:12
Ngô Thị K,Khó,923.28,5,2024-07-20 19:30:11
Đặng Thị F,Chuyên gia,1389.63,5,2024-03-25 20:03:56
Vũ Văn N,Chuyên gia,1502.40,8,2024-10-10 22:07:36
Hoàng Văn E,Trung bình,276.00,0,2024-08-24 01:08:05
Dương Văn L,Trung bình,300.44,4,2024-01-01 11:39:57
Hồ Văn I,Dễ,155.44,4,2024-07-01 04:20:23
Đặng Thị F,Dễ,275.07,4,2024-12-13 21:00:05
Đỗ Thị H,Khó,712.42,10,2024-05-20 07:27:23
Hồ Văn I,Dễ,224.53,3,2024-08-11 19:51:02
Trần Thị B,Chuyên gia,811.49,2,2024-09-03 20:25:01
Nguyễn Văn A,Khó,1075.66,7,2024-09-05 02:07:06
Trịnh Văn P,Dễ,296.30,0,2024-09-22 16:15:52
Lý Thị M,Dễ,78.49,1,2024-01-25 18:57:13
Đặng Thị O,Chuyên gia,1465.44,10,2024-07-23 23:25:39
Nguyễn Văn A,Chuyên gia,1501.05,18,2024-05-31 11:39:11
Vũ Văn N,Chuyên gia,1298.37,4,2024-10-20 17:20:55
Ngô Thị K,Khó,651.67,3,2024-01-13 01:53:33
Phạm Thị D,Trung bình,348.44,5,2024-10-13 18:50:55
Phạm Thị D,Trung bình,452.34,3,2024-03-04 00:12:54
Phạm Thị D,Trung bình,452.64,8,2024-11-07 03:15:11
Hoàng Văn E,Chuyên gia,1517.86,9,2024-07-12 23:37:16
Hồ Văn I,Dễ,296.31,3,2024-09-21 00:55:31
Bùi Văn G,Trung bình,396.57,3,2024-03-26 04:47:00
Lê Văn C,Trung bình,553.84,6,2024-01-12 22:32:52
Nguyễn Văn A,Khó,847.80,0,2023-12-22 00:14:07
Hoàng Văn E,Trung bình,526.57,6,2024-04-15 13:56:35
Vũ Văn N,Khó,359.80,3,2024-06-01 23:33:00
Đặng Thị O,Khó,438.21,4,2024-05-16 17:22:18
Hồ Văn I,Dễ,69.07,0,2024-03-03 04:55:33
Hoàng Văn E,Chuyên gia,941.34,0,2024-01-14 10:59:52
Phạm Thị D,Khó,735.74,6,2024-12-14 16:01:30
Dương Văn L,Khó,523.42,9,2024-09-11 00:03:44
Trần Thị B,Trung bình,435.89,7,2024-07-29 23:32:14
Đỗ Thị H,Trung bình,199.31,8,2024-02-16 15:16:34
Ngô Thị K,Khó,477.34,14,2024-05-06 09:02:51
Lý Thị M,Dễ,246.28,4,2024-02-03 20:18:08
Đặng Thị F,Khó,993.41,11,2024-07-08 07:11:14
Bùi Văn G,Khó,700.30,2,2024-10-20 00:31:17
Hoàng Văn E,Trung bình,280.74,5,2024-01-05 17:20:05
Ngô Thị K,Chuyên gia,979.51,5,2024-06-05 05:21:06
Đặng Thị F,Dễ,122.49,0,2024-07-16 09:10:06
Đặng Thị O,Chuyên gia,1666.97,10,2024-04-02 06:22:19
Đặng Thị O,Dễ,145.09,1,2024-09-16 16:20:45
Vũ Văn N,Chuyên gia,855.08,9,2024-10-10 16:44:35
Ngô Thị K,Trung bình,597.23,0,2024-06-27 10:02:02
Đặng Thị O,Khó,1086.86,4,2023-12-30 02:12:05
Lý Thị M,Khó,777.60,2,2024-03-20 06:57:22
Ngô Thị K,Dễ,163.73,1,2024-12-16 12:44:12
Dương Văn L,Chuyên gia,1781.49,17,2024-02-02 16:52:25
Vũ Văn N,Khó,632.44,7,2024-06-11 06:17:42
Ngô Thị K,Khó,1190.96,6,2024-08-07 01:19:58
Ngô Thị K,Khó,935.55,15,2024-05-24 09:20:50
Phạm Thị D,Trung bình,448.30,8,2024-06-02 14:02:40
Trịnh Văn P,Dễ,146.00,4,2024-01-31 10:33:37
Vũ Văn N,Dễ,296.46,0,2024-10-18 09:52:03
Đặng Thị O,Khó,733.96,9,2024-03-04 02:35:55
Đặng Thị F,Dễ,208.42,1,2024-04-19 06:34:27
Phạm Thị D,Khó,465.77,1,2024-08-26 06:50:25
Đặng Thị F,Trung bình,450.14,9,2024-04-09 20:31:02
Trịnh Văn P,Khó,1117.99,8,2024-01-21 05:23:08
Hồ Văn I,Chuyên gia,894.56,7,2024-05-13 23:54:12
Đặng Thị F,Trung bình,340.72,3,2024-06-14 18:55:34
Dương Văn L,Dễ,143.55,2,2024-03-09 00:48:21
Ngô Thị K,Dễ,82.11,2,2024-07-11 08:56:38
Hoàng Văn E,Dễ,139.46,0,2024-03-11 06:44:34
Nguyễn Văn A,Dễ,185.67,3,2024-07-09 16:47:28
Vũ Văn N,Khó,944.95,8,2024-06-02 20:51:11
Trần Thị B,Khó,833.06,4,2024-08-25 21:45:04
Phạm Thị D,Chuyên gia,732.00,18,2024-07-21 06:00:14
Trần Thị B,Trung bình,374.98,3,2024-01-16 00:11:29
Đặng Thị O,Trung bình,314.86,4,2024-10-23 08:42:07
Ngô Thị K,Trung bình,566.17,8,2024-03-17 13:27:35
Lê Văn C,Khó,646.19,1,2024-06-15 08:25:01
Bùi Văn G,Dễ,68.49,3,2024-05-09 16:51:34
Đặng Thị F,Khó,655.24,12,2024-11-06 07:29:26
Đặng Thị O,Dễ,91.09,0,2024-03-28 06:35:19
Lê Văn C,Dễ,232.05,0,2024-02-25 04:56:11
Trần Thị B,Khó,485.16,13,2024-09-04 20:58:08
Vũ Văn N,Chuyên gia,1033.66,4,2024-10-06 15:23:37
Đặng Thị O,Trung bình,598.96,6,2024-09-03 03:56:42
Đỗ Thị H,Chuyên gia,625.34,7,2024-03-19 04:01:19
Phạm Thị D,Dễ,281.82,5,2024-06-09 13:20:48
Hoàng Văn E,Dễ,275.01,4,2024-08-18 00:32:24
Đỗ Thị H,Trung bình,190.51,5,2024-06-29 09:53:25
Đặng Thị F,Chuyên gia,1566.83,12,2024-04-14 18:43:44
Trần Thị B,Khó,521.53,7,2024-05-27 22:03:13
Đặng Thị F,Khó,1106.73,5,2024-10-01 03:29:41
Vũ Văn N,Trung bình,217.50,1,2024-01-10 16:19:52
Trần Thị B,Chuyên gia,774.43,6,2024-01-04 19:32:47
Trần Thị B,Khó,1093.53,6,2024-01-19 00:51:18
Lê Văn C,Khó,1025.29,4,2024-11-14 11:40:03
Trần Thị B,Chuyên gia,1718.56,5,2024-11-22 03:40:09
Đỗ Thị H,Khó,922.48,3,2024-01-13 07:14:55
Nguyễn Văn A,Chuyên gia,632.86,2,2024-11-18 17:58:24
Đỗ Thị H,Dễ,156.34,4,2024-01-05 22:47:06
Ngô Thị K,Chuyên gia,1391.79,20,2024-12-18 20:11:23
Hồ Văn I,Khó,1000.08,6,2024-10-18 14:13:32
Nguyễn Văn A,Trung bình,484.88,3,2024-07-06 10:50:33
Đặng Thị F,Dễ,97.71,0,2024-08-17 10:27:23
Hoàng Văn E,Dễ,107.03,3,2024-05-09 15:24:07
Hồ Văn I,Trung bình,494.14,7,2024-06-02 08:12:49
Phạm Thị D,Dễ,157.35,2,2024-08-19 06:55:21
Hồ Văn I,Dễ,180.31,4,2023-12-31 04:38:10
Vũ Văn N,Chuyên gia,1378.85,19,2024-04-03 10:07:58
Hồ Văn I,Khó,1175.55,10,2024-01-14 06:17:48
Vũ Văn N,Trung bình,278.73,3,2024-11-08 07:08:40
Ngô Thị K,Khó,1098.63,11,2024-07-21 22:39:58
Đỗ Thị H,Chuyên gia,909.51,16,2024-05-23 19:46:45
Vũ Văn N,Dễ,79.51,5,2024-08-14 15:58:15
Đặng Thị O,Chuyên gia,646.98,13,2024-01-29 01:24:35
Lê Văn C,Chuyên gia,1755.25,7,2023-12-29 07:28:25
Đặng Thị O,Chuyên gia,950.26,5,2024-08-17 20:36:08
Đặng Thị F,Chuyên gia,612.07,5,2024-10-23 12:08:16
Hồ Văn I,Dễ,90.88,1,2024-07-14 15:57:27
Dương Văn L,Trung bình,428.38,10,2024-08-22 07:46:05
Lý Thị M,Khó,821.98,3,2024-11-29 08:55:36
Hoàng Văn E,Khó,925.71,12,2024-10-23 09:54:03
Bùi Văn G,Trung bình,331.58,8,2024-01-09 06:48:08
Phạm Thị D,Khó,1063.21,13,2023-12-24 07:41:40
Đỗ Thị H,Chuyên gia,625.98,17,2024-08-26 10:22:13
Dương Văn L,Trung bình,257.15,1,2024-04-08 04:04:39
Lý Thị M,Trung bình,299.55,4,2024-01-06 13:48:38
Hoàng Văn E,Chuyên gia,1632.21,6,2024-07-27 18:42:02
Ngô Thị K,Dễ,279.73,3,2024-12-05 15:32:50
Vũ Văn N,Dễ,143.65,1,2024-05-22 16:26:52
Vũ Văn N,Dễ,216.62,0,2024-06-23 02:54:57
Hoàng Văn E,Chuyên gia,876.23,3,2024-08-19 23:12:25
Dương Văn L,Khó,620.60,10,2024-11-30 03:27:19
Hồ Văn I,Dễ,172.51,2,2023-12-24 15:30:26
Nguyễn Văn A,Khó,381.28,0,2024-12-09 12:08:33
Bùi Văn G,Chuyên gia,1334.20,14,2024-03-06 03:48:10
Trịnh Văn P,Dễ,71.59,3,2024-04-01 20:49:52
Nguyễn Văn A,Trung bình,572.70,2,2024-09-03 22:51:45
Đặng Thị O,Dễ,116.03,2,2024-01-28 11:09:44
Vũ Văn N,Trung bình,225.33,1,2024-07-31 16:09:53
Ngô Thị K,Trung bình,572.71,1,2024-01-17 01:49:43
Hồ Văn I,Dễ,195.03,3,2024-06-21 13:22:18
Hồ Văn I,Khó,856.95,7,2024-01-22 16:02:39
Hồ Văn I,Khó,1071.62,14,2024-06-26 01:18:29
Dương Văn L,Khó,731.74,4,2024-02-12 12:04:42
Lê Văn C,Dễ,173.60,5,2024-08-01 21:54:24
Trần Thị B,Trung bình,184.27,3,2024-03-03 07:45:05
Nguyễn Văn A,Dễ,284.06,1,2024-09-21 12:38:27
Ngô Thị K,Trung bình,326.00,9,2024-10-29 23:22:20
Đặng Thị O,Chuyên gia,1674.01,13,2024-03-09 05:05:36
Phạm Thị D,Chuyên gia,819.66,15,2024-05-21 14:23:51
Lý Thị M,Dễ,117.34,3,2024-04-28 00:37:44
Đặng Thị F,Trung bình,481.31,2,2024-02-25 21:35:43
Nguyễn Văn A,Khó,1015.15,3,2024-12-18 08:57:24
Lê Văn C,Trung bình,546.28,0,2024-02-20 07:34:01
Bùi Văn G,Trung bình,384.01,5,2024-08-17 17:38:42
Đặng Thị O,Trung bình,597.06,5,2024-12-01 15:43:31
Ngô Thị K,Trung bình,435.68,9,2024-10-13 23:11:55
Lý Thị M,Dễ,166.82,5,2024-10-01 23:39:16
Đặng Thị O,Chuyên gia,1445.31,1,2024-08-27 11:27:03
Hồ Văn I,Chuyên gia,1745.64,5,2024-11-26 20:04:52
Đặng Thị O,Chuyên gia,641.22,2,2024-11-01 11:08:54
Ngô Thị K,Chuyên gia,641.71,6,2024-04-07 22:25:21
Trịnh Văn P,Khó,403.97,11,2024-03-23 11:53:57
Đặng Thị O,Dễ,116.79,1,2024-01-18 17:52:34
Hồ Văn I,Dễ,247.82,1,2024-08-22 05:37:19
Trần Thị B,Trung bình,274.83,8,2024-05-08 15:23:41
Đỗ Thị H,Dễ,284.35,0,2024-06-04 06:15:37
Đặng Thị O,Khó,599.54,15,2024-03-10 02:03:43
Đặng Thị F,Chuyên gia,794.25,10,2024-10-12 07:56:32
Đặng Thị O,Dễ,197.38,0,2024-08-29 03:13:42
Lê Văn C,Trung bình,326.93,9,2024-04-16 15:21:12
Phạm Thị D,Khó,834.00,7,2024-12-09 12:07:49
Trần Thị B,Trung bình,209.72,7,2024-07-13 07:55:13
Trịnh Văn P,Chuyên gia,810.15,20,2024-08-25 08:39:34
Hoàng Văn E,Trung bình,222.03,10,2024-05-15 12:10:16
Dương Văn L,Chuyên gia,1793.44,20,2024-06-18 08:57:36
Lý Thị M,Trung bình,394.10,3,2024-09-09 18:12:49
Đỗ Thị H,Trung bình,519.76,1,2024-04-23 10:09:38
Đặng Thị O,Trung bình,508.48,9,2024-08-23 09:49:15
Hoàng Văn E,Chuyên gia,1408.75,17,2024-04-19 17:13:02
Hồ Văn I,Chuyên gia,757.29,15,2024-05-24 14:53:04
Ngô Thị K,Khó,538.01,9,2024-02-16 00:57:15
Đặng Thị O,Trung bình,206.13,6,2024-08-11 01:36:27
Ngô Thị K,Trung bình,583.53,1,2024-03-26 02:34:50
Hoàng Văn E,Trung bình,571.42,0,2024-02-19 23:53:06
Hồ Văn I,Chuyên gia,1675.87,17,2024-12-15 14:18:15
Hồ Văn I,Khó,806.67,8,2024-05-13 03:02:34
Lê Văn C,Dễ,241.38,1,2024-11-05 01:31:38
Vũ Văn N,Dễ,184.52,4,2024-01-02 14:08:47
Lê Văn C,Chuyên gia,1350.96,18,2024-06-16 07:18:45
Bùi Văn G,Chuyên gia,1172.38,10,2024-01-26 22:46:30
Lê Văn C,Trung bình,490.87,1,2024-06-15 21:50:10
Lý Thị M,Dễ,122.16,1,2024-12-01 11:13:29
Hồ Văn I,Dễ,91.36,5,2024-04-07 03:21:55
Trần Thị B,Dễ,141.44,5,2024-02-27 23:48:35
Vũ Văn N,Trung bình,274.47,6,2024-11-18 14:40:28
Trần Thị B,Dễ,183.55,5,2024-02-14 11:37:19
Phạm Thị D,Chuyên gia,623.80,9,2024-02-06 08:35:54
Hoàng Văn E,Khó,522.36,4,2024-04-19 22:18:47
Vũ Văn N,Trung bình,359.34,9,2024-09-15 20:46:53
Dương Văn L,Trung bình,340.58,9,2024-07-16 16:13:46
Đặng Thị F,Dễ,87.13,4,2024-11-15 04:13:48
Lý Thị M,Chuyên gia,991.55,0,2024-07-26 17:48:29
Lê Văn C,Trung bình,201.95,4,2024-03-22 19:05:19
Hoàng Văn E,Khó,776.00,0,2024-11-13 21:56:35
Trịnh Văn P,Khó,467.05,6,2024-11-10 20:21:11
Bùi Văn G,Chuyên gia,1229.30,17,2024-10-31 01:12:10
Trịnh Văn P,Trung bình,215.65,0,2024-08-10 18:33:52
Dương Văn L,Chuyên gia,1021.81,11,2024-02-02 11:36:30
Hoàng Văn E,Trung bình,262.21,3,2024-10-18 04:51:22
Hồ Văn I,Chuyên gia,741.43,5,2024-01-04 17:27:39
Ngô Thị K,Dễ,259.47,1,2024-11-03 06:09:48
Phạm Thị D,Dễ,136.86,3,2024-03-21 00:21:51
Nguyễn Văn A,Chuyên gia,1746.76,6,2024-06-27 23:25:24
Bùi Văn G,Khó,420.28,2,2024-03-02 20:18:29
Lý Thị M,Chuyên gia,917.85,6,2024-06-16 22:29:28
Bùi Văn G,Khó,695.42,15,2024-02-15 06:59:35
Trịnh Văn P,Chuyên gia,1193.86,1,2024-08-31 14:31:30
Hoàng Văn E,Khó,1034.54,0,2024-04-19 01:07:20
Bùi Văn G,Dễ,219.89,0,2024-04-18 21:21:50
Đỗ Thị H,Khó,1016.60,8,2024-07-22 14:31:19
Ngô Thị K,Trung bình,404.49,0,2024-02-10 23:13:52
Lê Văn C,Chuyên gia,972.67,9,2024-08-16 17:27:13
Vũ Văn N,Trung bình,433.06,7,2024-04-22 16:04:03
Ngô Thị K,Trung bình,297.00,6,2024-09-09 00:21:12
Lý Thị M,Dễ,263.36,5,2024-01-09 12:53:41
Lý Thị M,Trung bình,326.29,4,2024-03-29 06:27:57
Trần Thị B,Dễ,223.63,4,2024-06-15 14:04:08
Nguyễn Văn A,Chuyên gia,1218.50,10,2024-07-03 11:29:57
Nguyễn Văn A,Chuyên gia,1597.19,19,2024-01-28 01:02:27
Ngô Thị K,Chuyên gia,1091.59,19,2024-12-11 04:34:38
Đặng Thị O,Trung bình,518.64,3,2024-06-25 04:26:47
Bùi Văn G,Chuyên gia,1490.64,15,2024-06-18 08:00:39
Bùi Văn G,Trung bình,410.10,2,2024-10-19 11:38:18
Hoàng Văn E,Khó,350.13,7,2024-09-30 18:10:01
Đặng Thị F,Chuyên gia,1447.43,13,2024-11-27 14:16:49
Đặng Thị F,Trung bình,472.31,1,2024-08-22 19:42:30
Bùi Văn G,Chuyên gia,1547.38,18,2024-01-08 00:40:45
Đỗ Thị H,Chuyên gia,1465.29,1,2024-11-09 03:35:18
Lý Thị M,Chuyên gia,1197.26,4,2024-02-27 12:29:09
Đỗ Thị H,Dễ,121.92,5,2024-01-27 01:46:40
Trịnh Văn P,Khó,519.13,10,2024-05-29 18:25:51
Ngô Thị K,Trung bình,515.14,0,2024-01-10 23:42:09
Dương Văn L,Chuyên gia,1147.21,3,2024-04-20 15:43:49
Ngô Thị K,Khó,1062.38,0,2024-07-16 20:38:42
Đỗ Thị H,Trung bình,241.28,2,2024-01-03 04:12:47
Vũ Văn N,Chuyên gia,719.30,11,2024-07-27 17:49:14
Phạm Thị D,Dễ,198.05,5,2024-06-08 17:18:52
Hoàng Văn E,Trung bình,566.26,10,2024-05-01 14:54:30
Lý Thị M,Khó,474.06,11,2024-05-30 15:05:47
Dương Văn L,Trung bình,333.27,6,2024-11-29 22:02:34
Lê Văn C,Dễ,147.73,3,2024-06-25 15:45:19
Lý Thị M,Khó,1177.74,9,2024-08-17 20:59:31
Vũ Văn N,Dễ,88.88,1,2024-10-08 18:01:49
Đặng Thị F,Dễ,227.16,1,2024-11-14 22:46:33
Hoàng Văn E,Trung bình,397.36,4,2024-03-06 12:19:07
Đặng Thị F,Trung bình,357.57,3,2024-03-12 17:09:55
Hồ Văn I,Trung bình,556.11,6,2024-02-09 12:38:49
Trịnh Văn P,Dễ,219.64,2,2024-05-14 06:14:16
Bùi Văn G,Khó,830.87,4,2024-10-12 02:45:16
Trịnh Văn P,Chuyên gia,1210.82,13,2023-12-27 06:40:23
Hồ Văn I,Chuyên gia,1219.44,4,2024-04-20 15:25:53
Dương Văn L,Khó,932.63,13,2024-03-08 12:27:38
Dương Văn L,Dễ,268.44,4,2024-03-17 14:14:39
Lý Thị M,Chuyên gia,1709.26,12,2024-09-26 05:37:22
Đặng Thị F,Khó,367.36,14,2024-03-14 11:57:49
Lê Văn C,Dễ,116.63,0,2024-05-30 04:52:37
Vũ Văn N,Dễ,200.32,3,2024-01-29 14:52:36
Bùi Văn G,Dễ,224.59,0,2024-11-26 13:19:03
Hoàng Văn E,Khó,304.45,0,2024-01-01 23:02:49
Đặng Thị F,Khó,963.57,12,2024-11-25 19:59:07
Đặng Thị O,Khó,906.67,8,2024-07-20 05:48:15
Ngô Thị K,Khó,816.52,3,2024-01-15 23:09:44
Hoàng Văn E,Khó,522.39,10,2023-12-26 04:59:41
Đặng Thị O,Trung bình,240.54,3,2024-11-18 18:42:33
Đặng Thị O,Khó,874.14,4,2024-02-20 12:56:43
Đặng Thị F,Trung bình,219.02,10,2024-09-03 18:10:32
Ngô Thị K,Khó,1129.83,4,2024-07-07 11:34:26
Đỗ Thị H,Dễ,187.67,5,2024-01-16 07:07:50
Lý Thị M,Chuyên gia,614.70,15,2024-04-20 16:07:55
Hoàng Văn E,Trung bình,362.77,4,2024-04-03 09:26:52
Trịnh Văn P,Chuyên gia,1119.63,12,2024-05-13 19:56:34
Hồ Văn I,Khó,1026.81,11,2024-01-03 03:05:15
Ngô Thị K,Trung bình,547.95,0,2024-06-24 14:23:03
Hoàng Văn E,Chuyên gia,623.99,7,2024-02-09 14:47:16
Đặng Thị F,Dễ,229.16,3,2024-01-10 08:24:50
Hoàng Văn E,Khó,842.84,5,2024-06-05 01:16:02
Hồ Văn I,Khó,1112.19,5,2024-12-06 19:05:57
Trịnh Văn P,Trung bình,583.89,2,2024-04-25 21:12:44
Trịnh Văn P,Dễ,151.39,4,2024-02-23 22:44:23
Trịnh Văn P,Chuyên gia,614.19,1,2024-12-09 02:18:30
Hồ Văn I,Khó,330.99,12,2024-08-18 11:24:56
Đỗ Thị H,Khó,899.69,11,2024-03-28 01:05:29
Đỗ Thị H,Khó,669.79,3,2024-03-21 10:28:59
Hoàng Văn E,Dễ,282.25,1,2024-08-25 19:10:13
Trần Thị B,Trung bình,599.04,0,2023-12-26 09:27:15
Hồ Văn I,Dễ,137.39,1,2024-03-02 23:35:44
Đỗ Thị H,Trung bình,583.72,1,2024-05-02 20:41:23
Lý Thị M,Chuyên gia,645.03,0,2024-03-29 13:45:07
Đặng Thị O,Khó,363.67,11,2024-01-14 07:20:50
Ngô Thị K,Chuyên gia,1317.22,11,2024-07-21 14:20:01
Phạm Thị D,Khó,982.47,8,2024-07-17 18:25:00
Vũ Văn N,Trung bình,474.32,6,2024-06-13 22:22:14
Phạm Thị D,Dễ,263.26,2,2024-05-27 21:12:58
Dương Văn L,Khó,365.06,11,2024-12-06 21:53:49
Vũ Văn N,Chuyên gia,867.68,16,2024-05-13 03:34:16
Trịnh Văn P,Khó,1138.79,0,2024-01-24 15:59:56
Lý Thị M,Chuyên gia,973.21,5,2024-11-04 12:42:46
Trịnh Văn P,Chuyên gia,1716.50,16,2024-06-04 14:57:09
Dương Văn L,Khó,677.40,9,2024-01-22 12:04:57
Lý Thị M,Chuyên gia,1591.39,1,2024-03-29 23:09:03
Trần Thị B,Dễ,115.84,3,2024-09-07 15:31:48
Đặng Thị F,Khó,442.19,2,2024-11-04 14:58:39
Đặng Thị O,Chuyên gia,793.56,17,2024-08-16 14:46:22
Bùi Văn G,Trung bình,457.30,5,2024-01-05 17:03:10
Dương Văn L,Chuyên gia,1504.97,8,2024-08-22 06:28:40
Hoàng Văn E,Trung bình,469.91,0,2024-10-21 10:43:10
Dương Văn L,Trung bình,370.00,1,2024-05-21 04:12:59
Bùi Văn G,Khó,363.84,7,2024-08-10 22:37:51
Ngô Thị K,Trung bình,562.64,5,2024-07-12 20:51:34
Dương Văn L,Trung bình,562.59,2,2024-05-13 16:49:25
Vũ Văn N,Dễ,128.08,5,2024-06-26 04:36:23
Vũ Văn N,Khó,1004.68,7,2024-03-07 04:31:02
Đỗ Thị H,Khó,1023.02,0,2024-12-15 14:04:43
Dương Văn L,Trung bình,206.41,9,2024-07-02 21:46:49
Trần Thị B,Khó,751.08,12,2024-01-15 01:19:43
Trần Thị B,Khó,477.57,10,2024-04-30 14:01:50
Nguyễn Văn A,Khó,1139.06,12,2024-07-21 17:44:36
Lý Thị M,Chuyên gia,1099.67,11,2024-07-27 22:08:02
Trịnh Văn P,Trung bình,452.51,0,2024-03-04 07:08:53
Hồ Văn I,Khó,978.82,13,2024-10-25 11:34:51
Phạm Thị D,Khó,795.31,5,2024-10-30 08:16:36
Đỗ Thị H,Trung bình,505.53,4,2024-10-30 14:32:56
Lê Văn C,Khó,870.55,13,2024-05-09 21:31:00
Đỗ Thị H,Chuyên gia,834.34,15,2024-01-02 01:45:04
Đặng Thị F,Khó,1091.29,3,2024-03-14 00:33:08
Hoàng Văn E,Chuyên gia,931.71,16,2024-01-08 02:51:00
Ngô Thị K,Khó,371.10,15,2024-03-03 18:55:22
Đặng Thị O,Chuyên gia,1441.33,16,2024-11-11 15:49:59
Dương Văn L,Dễ,264.83,1,2024-11-13 12:54:04
Hồ Văn I,Khó,455.48,11,2024-11-01 17:52:56
Bùi Văn G,Dễ,158.67,1,2024-10-31 22:55:06
Đặng Thị F,Dễ,193.11,5,2024-06-23 17:04:05
Bùi Văn G,Trung bình,435.07,6,2024-03-31 16:08:27
Hồ Văn I,Khó,1177.02,6,2024-12-18 19:46:27
Trịnh Văn P,Dễ,267.47,2,2024-03-08 03:22:19
Đặng Thị F,Chuyên gia,1152.81,16,2024-02-01 18:46:25
Ngô Thị K,Khó,796.36,13,2024-10-03 10:05:45
Trịnh Văn P,Dễ,126.22,0,2024-02-02 05:35:51
Đỗ Thị H,Trung bình,376.50,7,2024-07-21 10:57:40
Hoàng Văn E,Trung bình,452.03,7,2024-02-04 23:25:02
Lê Văn C,Trung bình,516.34,9,2024-04-09 14:56:21
Hồ Văn I,Dễ,106.37,3,2024-05-31 21:42:58
Bùi Văn G,Trung bình,389.16,6,2024-04-08 03:40:26
Đặng Thị F,Dễ,84.62,5,2024-03-31 05:44:43
Nguyễn Văn A,Trung bình,242.40,0,2024-02-25 10:46:04
Vũ Văn N,Trung bình,321.75,8,2024-02-28 00:22:02
Đỗ Thị H,Dễ,95.08,1,2024-04-10 06:12:48
Lý Thị M,Khó,425.22,11,2024-09-08 09:47:52
Đỗ Thị H,Chuyên gia,1766.99,18,2024-11-28 12:10:20
Đỗ Thị H,Khó,1118.70,4,2024-02-07 22:17:02
Ngô Thị K,Trung bình,400.82,5,2024-02-19 06:38:44
Phạm Thị D,Khó,889.91,11,2024-05-31 21:31:35
Hoàng Văn E,Khó,1135.61,11,2024-06-13 16:32:12
Hoàng Văn E,Khó,864.10,13,2024-06-12 21:46:29
Lý Thị M,Khó,763.29,15,2024-12-08 17:23:51
Phạm Thị D,Dễ,216.12,5,2024-05-13 21:23:46
Lý Thị M,Dễ,95.46,0,2023-12-25 23:02:39
Hồ Văn I,Dễ,162.47,1,2024-10-20 18:38:04
Đặng Thị F,Khó,509.34,10,2024-09-14 15:38:32
Hồ Văn I,Trung bình,188.19,3,2024-11-26 11:16:26
Hoàng Văn E,Chuyên gia,1498.76,8,2024-08-06 19:24:07
Hoàng Văn E,Chuyên gia,1341.59,20,2024-04-23 22:18:53
Bùi Văn G,Khó,715.37,11,2024-02-07 09:25:50
Nguyễn Văn A,Trung bình,197.18,2,2024-10-24 01:59:32
Lê Văn C,Dễ,231.14,0,2024-06-22 21:15:33
Nguyễn Văn A,Dễ,292.88,5,2024-06-25 21:33:48
Đặng Thị O,Chuyên gia,1343.05,0,2024-09-16 05:23:09
Đỗ Thị H,Chuyên gia,937.57,8,2024-11-07 14:36:36
Ngô Thị K,Khó,419.28,1,2024-02-06 11:33:32
Trịnh Văn P,Khó,352.74,4,2024-09-27 22:44:18
Hồ Văn I,Khó,865.37,12,2024-02-23 02:07:50
Nguyễn Văn A,Dễ,245.63,1,2024-12-14 02:24:28
Lê Văn C,Trung bình,590.00,1,2024-08-23 23:09:31
Bùi Văn G,Chuyên gia,1059.84,14,2024-09-16 19:57:56
Nguyễn Văn A,Chuyên gia,1296.50,15,2024-12-03 06:38:27
Trần Thị B,Trung bình,517.93,10,2024-04-03 22:30:36
Bùi Văn G,Trung bình,412.34,8,2024-09-12 11:45:55
Ngô Thị K,Chuyên gia,1522.51,14,2024-10-24 00:29:24
Trần Thị B,Trung bình,538.77,0,2024-10-12 23:38:03
Đặng Thị O,Dễ,65.39,2,2024-04-13 22:26:42
Lê Văn C,Khó,660.60,7,2024-07-07 13:27:14
Đỗ Thị H,Trung bình,333.17,9,2024-09-03 21:51:23
Đỗ Thị H,Chuyên gia,1664.38,0,2024-09-14 23:31:43
Đặng Thị F,Trung bình,445.78,5,2024-03-15 12:06:07
Trần Thị B,Chuyên gia,1249.04,16,2024-07-11 05:43:31
Lý Thị M,Dễ,180.06,0,2024-06-27 02:26:38
Đỗ Thị H,Khó,699.00,14,2024-10-22 12:31:48
Lê Văn C,Khó,682.41,6,2024-08-05 15:49:29
Nguyễn Văn A,Dễ,246.95,3,2024-04-10 02:39:20
Nguyễn Văn A,Chuyên gia,1279.18,9,2024-11-24 22:28:31
Đặng Thị F,Dễ,261.96,3,2024-07-05 21:42:58
Đặng Thị F,Chuyên gia,799.55,13,2024-07-07 22:43:11
Ngô Thị K,Trung bình,364.66,5,2024-04-24 08:51:12
Đặng Thị O,Dễ,76.54,0,2024-08-18 02:45:07
Trần Thị B,Khó,499.76,10,2024-04-01 11:06:59
Đỗ Thị H,Khó,1195.24,10,2024-06-08 00:15:21
Dương Văn L,Dễ,127.86,3,2024-07-12 08:07:22
Dương Văn L,Chuyên gia,952.57,18,2024-06-04 01:45:48
Đặng Thị F,Khó,411.08,9,2024-04-17 02:36:56
Vũ Văn N,Dễ,224.85,3,2024-06-27 07:08:02
Nguyễn Văn A,Dễ,108.26,5,2024-09-15 07:17:10
Hoàng Văn E,Chuyên gia,1436.59,8,2024-10-23 08:55:43
Lý Thị M,Dễ,116.84,0,2024-01-16 17:22:11
Hồ Văn I,Khó,913.99,14,2024-03-12 23:25:48
Hồ Văn I,Trung bình,364.37,2,2024-11-02 11:50:56
Trần Thị B,Chuyên gia,1313.84,15,2024-02-28 04:28:02
Vũ Văn N,Dễ,100.89,5,2024-02-22 03:50:18
Dương Văn L,Dễ,195.88,1,2024-11-24 06:53:50
Trịnh Văn P,Dễ,193.00,4,2024-06-09 16:00:46
Đỗ Thị H,Trung bình,389.58,2,2024-03-11 06:11:37
Hoàng Văn E,Trung bình,262.46,10,2024-09-13 14:11:15
Hồ Văn I,Chuyên gia,1255.20,7,2024-05-25 20:39:31
Ngô Thị K,Trung bình,592.58,9,2024-08-05 12:39:39
Đặng Thị F,Chuyên gia,762.16,1,2024-10-26 05:41:15
Bùi Văn G,Khó,976.11,9,2024-06-17 11:43:54
Hồ Văn I,Trung bình,243.96,4,2024-09-29 08:47:46
Đỗ Thị H,Chuyên gia,666.55,20,2024-03-22 10:00:30
Phạm Thị D,Chuyên gia,1162.51,9,2024-10-27 09:30:02
Dương Văn L,Dễ,269.44,0,2024-06-02 00:25:20
Lý Thị M,Chuyên gia,1348.53,0,2024-01-11 18:13:53
Trần Thị B,Dễ,68.78,2,2024-11-02 15:19:21
Nguyễn Văn A,Chuyên gia,1578.22,16,2024-07-29 01:48:09
Đỗ Thị H,Dễ,257.38,5,2024-02-29 06:35:10
Đỗ Thị H,Dễ,160.72,3,2024-12-13 23:35:27
Trần Thị B,Trung bình,549.16,10,2024-12-02 19:45:32
Hồ Văn I,Dễ,102.56,1,2024-09-09 04:58:40
Dương Văn L,Trung bình,577.32,0,2024-07-20 03:17:37
Đặng Thị F,Khó,538.47,11,2024-08-18 23:01:48
Đặng Thị F,Chuyên gia,1375.91,0,2024-05-07 19:05:08
Đỗ Thị H,Chuyên gia,1023.34,2,2024-01-10 13:10:11
Đặng Thị F,Dễ,117.58,4,2024-07-22 12:05:57
Vũ Văn N,Dễ,214.28,0,2024-06-18 07:01:21
Đỗ Thị H,Khó,692.29,8,2024-10-29 23:01:03
Dương Văn L,Trung bình,534.38,3,2024-03-31 03:00:37
Nguyễn Văn A,Chuyên gia,897.92,11,2024-11-03 00:35:57
Phạm Thị D,Trung bình,290.93,10,2024-09-07 12:27:14
Ngô Thị K,Khó,925.55,14,2023-12-29 02:20:13
Phạm Thị D,Trung bình,565.30,9,2024-04-08 01:32:04
Hồ Văn I,Dễ,285.41,1,2024-12-14 13:15:09
Đặng Thị F,Dễ,228.89,0,2024-12-04 13:40:41
Ngô Thị K,Trung bình,486.65,5,2024-09-17 08:58:32
Trịnh Văn P,Dễ,108.64,0,2024-08-06 18:55:23
Trịnh Văn P,Trung bình,210.28,7,2024-02-02 04:05:39
Hoàng Văn E,Khó,863.46,7,2024-01-31 06:11:06
Dương Văn L,Chuyên gia,1633.22,10,2024-08-25 14:03:27
Đặng Thị O,Dễ,125.77,3,2024-06-13 17:56:06
Phạm Thị D,Trung bình,393.55,10,2024-07-12 23:11:01
Đặng Thị F,Dễ,77.11,4,2024-08-12 23:05:45
Hồ Văn I,Trung bình,417.17,2,2024-04-14 18:00:23
Bùi Văn G,Khó,748.35,3,2024-09-24 09:58:53
Trần Thị B,Khó,795.40,2,2024-08-18 06:42:03
Phạm Thị D,Khó,975.89,11,2024-11-14 18:14:53
Đỗ Thị H,Dễ,130.73,3,2024-08-13 00:17:00
Hồ Văn I,Dễ,279.97,5,2024-03-06 00:12:48
Hoàng Văn E,Dễ,115.91,2,2024-09-10 00:14:31
Bùi Văn G,Chuyên gia,745.00,8,2024-11-26 15:14:53
Đặng Thị F,Dễ,298.11,5,2024-09-26 05:33:05
Đỗ Thị H,Trung bình,335.72,9,2024-09-13 13:55:29
Ngô Thị K,Trung bình,362.45,4,2024-07-13 23:06:53
Nguyễn Văn A,Khó,856.72,7,2024-06-12 09:20:27
Lý Thị M,Trung bình,282.18,8,2024-04-10 17:24:05
Lý Thị M,Dễ,131.06,3,2024-06-03 10:51:24
Lý Thị M,Khó,653.44,1,2024-05-10 03:59:34
Bùi Văn G,Khó,853.25,4,2024-11-07 02:54:26
Hồ Văn I,Dễ,103.74,0,2024-08-03 14:12:22
Đặng Thị F,Khó,1056.97,11,2024-09-03 02:44:55
Lê Văn C,Chuyên gia,623.42,4,2024-04-01 00:35:38
Hồ Văn I,Trung bình,358.19,2,2024-12-10 15:56:31
Đặng Thị F,Trung bình,556.48,10,2024-12-03 11:14:52
Lý Thị M,Khó,470.48,0,2024-08-29 05:58:22
Ngô Thị K,Chuyên gia,1462.36,17,2024-07-04 23:50:08
Đỗ Thị H,Khó,481.91,9,2024-01-21 13:42:34
Bùi Văn G,Chuyên gia,736.50,10,2024-05-13 02:34:00
Đặng Thị O,Dễ,158.75,4,2023-12-29 10:43:36
Bùi Văn G,Trung bình,429.37,6,2024-02-25 09:11:10
Lý Thị M,Khó,757.03,13,2024-06-17 15:45:44
Nguyễn Văn A,Chuyên gia,1203.29,1,2024-01-04 05:20:05
Dương Văn L,Chuyên gia,632.13,1,2024-06-27 07:59:35
Ngô Thị K,Chuyên gia,863.43,3,2024-10-10 03:09:22
Đỗ Thị H,Chuyên gia,1506.84,11,2024-01-02 14:22:26
Bùi Văn G,Khó,1194.47,6,2024-04-06 04:44:02
Ngô Thị K,Trung bình,402.34,6,2024-11-18 17:14:38
Hồ Văn I,Chuyên gia,1096.31,4,2024-09-05 19:53:16
Ngô Thị K,Chuyên gia,1093.58,16,2024-07-17 12:13:33
Bùi Văn G,Chuyên gia,846.46,5,2024-05-25 03:52:51
Đặng Thị O,Chuyên gia,897.01,20,2024-10-30 10:28:20
Hoàng Văn E,Khó,941.06,6,2024-11-12 17:07:14
Dương Văn L,Dễ,137.16,1,2024-04-01 11:51:47
Dương Văn L,Khó,984.20,15,2024-03-28 23:16:10
Trần Thị B,Khó,1028.82,9,2024-01-12 11:29:18
Trịnh Văn P,Trung bình,369.97,1,2024-06-10 23:47:05
Đặng Thị O,Trung bình,189.41,9,2024-04-11 10:07:44
Dương Văn L,Khó,941.65,6,2024-03-09 18:15:18
Lê Văn C,Dễ,120.48,0,2024-11-03 19:27:23
Vũ Văn N,Dễ,251.27,3,2024-02-09 08:24:04
Vũ Văn N,Khó,895.65,3,2024-10-10 23:28:27
Vũ Văn N,Chuyên gia,832.13,1,2024-11-06 21:03:39
Đặng Thị F,Dễ,158.68,4,2024-01-19 19:54:20
Lê Văn C,Dễ,274.92,5,2024-07-15 06:28:32
Trần Thị B,Chuyên gia,1591.32,15,2024-02-24 18:32:00
Lý Thị M,Chuyên gia,1510.41,11,2024-02-28 17:00:45
Bùi Văn G,Dễ,68.09,3,2024-05-11 18:50:35
Hồ Văn I,Trung bình,497.70,7,2024-06-14 08:25:56
Đặng Thị F,Chuyên gia,988.73,10,2024-06-29 05:40:54
Đặng Thị O,Khó,777.34,8,2024-12-01 23:45:16
Hồ Văn I,Chuyên gia,1460.81,13,2024-03-12 17:00:18
Nguyễn Văn A,Chuyên gia,789.75,9,2023-12-29 15:46:21
Ngô Thị K,Dễ,136.79,5,2024-11-09 17:39:46
Đặng Thị F,Khó,1073.24,9,2024-10-07 03:41:23
Trịnh Văn P,Trung bình,185.28,3,2024-03-29 12:11:22
Đặng Thị O,Chuyên gia,1267.45,5,2024-07-10 01:26:54
Lý Thị M,Trung bình,214.68,2,2024-06-23 00:58:30
Đặng Thị F,Khó,950.34,10,2024-11-04 01:49:21
Trịnh Văn P,Dễ,215.65,1,2024-06-24 22:03:24
Nguyễn Văn A,Khó,1048.97,12,2024-04-23 06:30:37
Đỗ Thị H,Khó,386.17,0,2024-07-25 08:44:59
Phạm Thị D,Khó,477.65,10,2024-03-10 11:58:17
Bùi Văn G,Dễ,212.76,1,2024-01-22 22:02:42
Hoàng Văn E,Khó,465.15,10,2024-06-28 09:11:04
Đặng Thị O,Chuyên gia,1696.18,2,2024-07-27 12:40:28
Phạm Thị D,Trung bình,400.58,9,2024-04-15 01:23:09
Lý Thị M,Trung bình,313.06,10,2024-03-23 17:46:46
Phạm Thị D,Chuyên gia,1456.44,8,2024-01-19 01:16:13
Bùi Văn G,Trung bình,192.12,5,2023-12-24 11:50:32
Ngô Thị K,Chuyên gia,1070.08,9,2024-10-11 06:18:22
Phạm Thị D,Chuyên gia,1725.27,12,2024-05-18 20:08:19
Vũ Văn N,Chuyên gia,1067.04,11,2024-12-09 01:39:10
Vũ Văn N,Trung bình,305.14,6,2024-05-02 03:15:20
Bùi Văn G,Chuyên gia,1651.21,3,2024-07-22 16:44:03
Đặng Thị F,Dễ,273.41,2,2024-10-26 03:17:56
Hồ Văn I,Chuyên gia,1538.05,0,2024-02-06 01:52:56
Trịnh Văn P,Khó,722.98,8,2024-09-13 14:15:34
Đặng Thị O,Trung bình,387.83,10,2024-03-27 19:16:38
Đặng Thị F,Dễ,287.16,0,2024-04-17 03:29:58
Đặng Thị F,Chuyên gia,1229.05,19,2024-05-11 05:28:59
Phạm Thị D,Khó,546.57,2,2024-06-14 04:02:49
Hồ Văn I,Chuyên gia,918.11,17,2024-05-07 08:14:35
Trần Thị B,Trung bình,467.30,0,2023-12-25 12:05:58
Hoàng Văn E,Chuyên gia,905.30,6,2024-08-08 20:37:10
Trịnh Văn P,Chuyên gia,1165.29,14,2024-02-02 05:57:27
Đặng Thị O,Khó,961.24,1,2023-12-22 14:07:04
Lý Thị M,Dễ,169.78,3,2024-10-19 12:09:30
Trịnh Văn P,Chuyên gia,641.51,14,2024-02-28 07:42:47
Vũ Văn N,Dễ,152.84,4,2024-07-06 10:59:15
Đỗ Thị H,Dễ,238.90,2,2024-03-13 19:22:25
Đặng Thị O,Dễ,205.84,0,2024-09-26 14:11:11
Đặng Thị F,Khó,941.75,9,2024-03-25 17:46:20
Hồ Văn I,Chuyên gia,1319.73,2,2024-09-21 10:31:02
Nguyễn Văn A,Khó,363.96,15,2024-12-01 05:21:24
Lý Thị M,Trung bình,495.76,6,2024-04-23 20:48:03
Vũ Văn N,Dễ,132.59,1,2024-03-08 10:15:10
Dương Văn L,Chuyên gia,733.77,8,2024-04-12 17:16:02
Ngô Thị K,Trung bình,432.22,6,2024-09-25 23:40:52
Dương Văn L,Chuyên gia,642.59,3,2024-05-30 21:04:49
Hoàng Văn E,Trung bình,586.26,3,2024-06-24 16:18:43
Lý Thị M,Dễ,136.02,1,2024-04-01 02:19:52
Nguyễn Văn A,Khó,671.83,7,2024-03-13 22:10:32
Đặng Thị F,Trung bình,239.93,2,2024-03-04 19:22:14
Dương Văn L,Chuyên gia,695.22,3,2024-12-16 03:19:28
Hồ Văn I,Trung bình,297.62,7,2024-08-16 00:29:53
Nguyễn Văn A,Chuyên gia,716.49,15,2024-02-10 04:39:12
Ngô Thị K,Chuyên gia,791.55,4,2024-06-04 22:56:51
Ngô Thị K,Khó,950.71,8,2024-09-27 03:39:29
Trần Thị B,Chuyên gia,957.62,12,2024-04-18 07:43:30
Lê Văn C,Dễ,206.04,3,2023-12-21 21:54:29
Đặng Thị O,Dễ,235.40,4,2024-07-13 15:51:09
Lê Văn C,Chuyên gia,1124.47,12,2024-08-09 19:22:23
Trần Thị B,Chuyên gia,1393.04,19,2024-06-26 00:42:55
Nguyễn Văn A,Chuyên gia,1379.49,9,2024-07-09 02:54:17
Trần Thị B,Trung bình,260.95,2,2024-08-24 20:38:07
Phạm Thị D,Dễ,275.97,2,2024-01-11 09:20:23
Bùi Văn G,Khó,1126.80,0,2024-06-27 06:52:51
Trịnh Văn P,Trung bình,351.35,10,2024-09-29 06:06:49
Dương Văn L,Trung bình,590.93,3,2024-04-03 04:37:05
Bùi Văn G,Dễ,73.32,3,2024-12-09 21:18:09
Lý Thị M,Trung bình,417.21,7,2024-06-17 16:32:46
Đặng Thị F,Khó,699.54,15,2024-01-13 02:37:21
Trần Thị B,Chuyên gia,741.04,16,2024-02-17 17:48:13
Hồ Văn I,Trung bình,417.35,0,2024-12-02 06:29:34
Phạm Thị D,Trung bình,548.00,7,2024-01-17 19:57:23
Trần Thị B,Trung bình,378.42,6,2024-03-12 22:58:43
Ngô Thị K,Chuyên gia,993.86,7,2024-07-29 14:59:15
Đặng Thị O,Dễ,124.19,4,2024-02-16 17:11:58
Vũ Văn N,Trung bình,263.33,10,2024-12-02 01:15:37
Đặng Thị O,Chuyên gia,1347.24,0,2024-02-05 05:12:57
Bùi Văn G,Dễ,129.65,2,2024-06-08 00:06:21
Lê Văn C,Trung bình,418.37,8,2024-09-01 21:23:37
Vũ Văn N,Dễ,235.10,2,2024-01-26 01:36:37
Trần Thị B,Dễ,112.23,5,2024-10-05 16:44:58
Trịnh Văn P,Chuyên gia,679.81,16,2024-04-15 23:42:31
Đỗ Thị H,Dễ,207.12,4,2024-04-11 20:15:05
Ngô Thị K,Khó,614.61,7,2024-07-12 05:50:29
Đặng Thị F,Chuyên gia,1287.47,7,2024-01-02 19:22:10
Lê Văn C,Khó,844.85,7,2024-07-17 01:16:12
Vũ Văn N,Khó,1089.96,3,2024-11-29 08:24:49
Nguyễn Văn A,Dễ,99.08,2,2024-07-19 08:27:03
Phạm Thị D,Trung bình,472.97,2,2024-11-05 20:41:58
Lý Thị M,Trung bình,516.37,4,2024-11-03 13:36:04
Dương Văn L,Trung bình,325.64,6,2024-03-13 10:16:49
Lê Văn C,Chuyên gia,1429.76,3,2024-02-23 13:07:31
Trịnh Văn P,Chuyên gia,837.12,5,2024-12-14 01:15:38
Trần Thị B,Trung bình,556.70,3,2024-07-19 06:47:25
Vũ Văn N,Dễ,121.88,1,2024-10-29 13:29:38
Vũ Văn N,Dễ,180.81,4,2024-02-22 05:47:50
Trịnh Văn P,Dễ,242.37,1,2024-11-23 18:28:00
Đặng Thị O,Chuyên gia,1545.65,10,2024-10-04 20:27:45
Dương Văn L,Trung bình,325.27,2,2024-01-23 23:40:09
Dương Văn L,Chuyên gia,656.81,4,2024-01-11 21:22:33
Hồ Văn I,Chuyên gia,1682.17,20,2024-03-08 10:55:11
chuong_thai,Dễ,6.496255397796631,0,2024-12-19 17:35:14
Test Player,Dễ,21.29928493499756,0,2024-12-19 17:44:04
Test Player,Dễ,37.373350858688354,0,2024-12-19 17:44:20
